Date,Capacity,Capacity Volume,MDQ,Gas Production,Gas Production B,Gas Production 52,Condensate,Water,N,S,W,OT,CO2,N2,BTU,CH4
1/1/2018,,,,,,,,,,,,,,,,
2/1/2018,,,,,,,,,,,,,,,,
3/1/2018,,,,,,,,,,,,,,,,
4/1/2018,,,,,,,,,,,,,,,,
5/1/2018,,,,,,,,,,,,,,,,
6/1/2018,,,,,,,,,,,,,,,,
7/1/2018,,,,,,,,,,,,,,,,
8/1/2018,,,,,,,,,,,,,,,,
9/1/2018,,,,,,,,,,,,,,,,
10/1/2018,,,,,,,,,,,,,,,,
11/1/2018,,,,,,,,,,,,,,,,
12/1/2018,,,,,,,,,,,,,,,,
1/1/2019,,,,,,,,,,,,,,,,
2/1/2019,62.72677021,,,,,,,,,,,,,,,
3/1/2019,62.72677021,,,,,,,,,,,,,,,
4/1/2019,62.72677021,,,,,,,,,,,,,,,
5/1/2019,147.2806257,,,,,,,,,,,,,,,
6/1/2019,238.401107,,,,,,,,,,,,,,,
7/1/2019,238.401107,,,,,,,,,,,,,,,
8/1/2019,238.401107,,,,,,,,,,,,,,,
9/1/2019,356.0859322,,,,,,,,,,,,,,,
10/1/2019,356.0859322,,,,,,,,,,,,,,,
11/1/2019,480.7438058,,,,,,,,,,,,,,,
12/1/2019,480.7438058,,,,,,,,,,,,,,,
1/1/2020,480.7438058,540.4090089, 302.26 ,262.8315789,117.6848253,145.1467537,1141.388827,,120,0,90.4516551,85,16.14889199,2.325871233,889.5925083,93.83289049
2/1/2020,480.7438058,540.4090089, 302.26 ,262.8315789,117.6848253,145.1467537,1103.878047,15.82835878,120,0,90.4516551,85,16.14889199,2.325871233,889.5925083,93.83289049
3/1/2020,480.7438058,540.4090089, 302.26 ,262.8315789,117.6848253,145.1467537,1068.996327,84.12366308,120,0,90.4516551,85,16.14889199,2.325871233,889.5925083,93.83289049
4/1/2020,480.7438058,540.4090089, 302.26 ,262.8315789,117.6848253,145.1467537,1036.456885,223.5105924,120,0,90.4516551,85,16.14889199,2.325871233,889.5925083,93.83289049
5/1/2020,480.7438058,540.4090089, 302.26 ,262.8315789,117.6848253,145.1467537,1006.015501,447.0956711,120,0,90.4516551,85,16.14889199,2.325871233,889.5925083,93.83289049
6/1/2020,480.7438058,540.4090089, 302.26 ,262.8315789,117.6848253,145.1467537,977.4625582,765.5148083,120,0,90.4516551,85,16.14889199,2.325871233,889.5925083,93.83289049
7/1/2020,480.7438058,540.4090089, 302.26 ,262.8315789,117.6848253,145.1467537,950.6168627,1187.901414,120,0,90.4516551,85,16.14889199,2.325871233,889.5925083,93.83289049
8/1/2020,473.6676259,533.4464336, 302.26 ,262.8315789,110.6086454,152.2229336,969.9557127,1681.716461,112.7846128,0,98.21739533,85,16.41728012,2.379691834,887.9384996,93.71586804
9/1/2020,466.5098976,527.2105547, 302.26 ,262.8315789,108.9843274,153.8472515,954.1024596,2215.091064,112.0303165,0,100,85,16.68726435,2.411769489,884.864488,93.72413731
10/1/2020,459.8153616,521.5540489, 302.26 ,262.8315789,108.9843274,153.8472515,929.9293287,2779.740555,113.1215628,0,100,85,16.93784997,2.435505873,881.6255238,93.76628279
11/1/2020,450.7916409,513.4730555, 302.26 ,262.8315789,111.7467302,151.0848487,891.9450505,3339.565158,117.4092256,0,96.96840628,85,17.16994587,2.446554903,877.9265748,93.86776662
12/1/2020,440.3788446,503.8625172, 302.26 ,262.8315789,116.3033923,146.5281866,847.0937249,3867.78654,123.7528726,0,91.96770604,85,17.38470631,2.448988047,874.0059629,94.00615776
1/1/2021,511.6486484,562.7624795, 453.91 ,394.7052632,163.7156135,230.9896497,3026.857111,4368.81018,180.7190812,81.19244495,87.22489395,85,15.85674299,2.817750699,909.1733494,92.32592038
2/1/2021,502.4271145,550.9794158, 453.91 ,394.7052632,158.5928823,236.1123808,3123.844502,4842.886318,175.4955722,89.62556544,82.72667062,85,15.81903271,2.871115487,911.8800087,92.12615962
3/1/2021,493.7484606,539.9421197, 453.91 ,394.7052632,153.8016543,240.9036088,3195.283142,5300.886581,170.610088,97.56222045,78.46042249,85,15.78255652,2.921476824,914.4470169,91.93739862
4/1/2021,485.5803338,529.6002116, 453.91 ,394.7052632,149.3204772,245.3847859,3243.775873,5758.170421,166.0407541,105.031997,74.41418652,85,15.74730037,2.968991103,916.8809287,91.75907834
5/1/2021,477.8923314,519.9070233, 453.91 ,394.7052632,145.1292869,249.5759762,3272.049997,6235.444141,161.7671119,112.0626983,70.57661659,85,15.71324761,3.013808071,919.1880663,91.59066264
6/1/2021,470.655882,510.7976504, 453.91 ,394.7052632,141.2093177,253.4959454,3305.040311,6743.940595,157.7700265,118.6623012,66.9369517,85,15.67760266,3.05624656,921.4135611,91.43070708
7/1/2021,463.8441347,502.2471783, 453.91 ,394.7052632,137.5430184,257.1622448,3343.156258,7289.194205,154.0316012,124.8675056,63.48498581,85,15.64218431,3.096330747,923.5375624,91.27932329
8/1/2021,457.4318537,494.227204, 453.91 ,394.7052632,134.1139733,260.5912899,3378.627482,7881.304429,150.5350977,130.7088137,60.21103922,85,15.60810558,3.134119301,925.549727,91.13642254
9/1/2021,534.7752941,576.5430492, 453.91 ,394.7052632,130.9068293,263.7984339,3451.39299,8459.274775,147.2648606,136.2289273,57.10593138,84.93335696,15.56880221,3.170113066,927.554837,90.99876552
10/1/2021,519.6627196,558.202808, 453.91 ,394.7052632,127.9072266,266.7980366,3563.325335,8984.730053,144.2062477,142.8151834,54.16095522,82.79566319,15.44037713,3.208502367,930.9568353,90.82013537
11/1/2021,505.4449497,541.0243144, 453.91 ,394.7052632,125.1017347,269.6035284,3660.685663,9478.472522,141.3455643,149.0642313,51.36785268,80.71177319,15.31502948,3.244959668,934.2370319,90.64929081
12/1/2021,492.0665044,524.9270148, 453.91 ,394.7052632,122.4777924,272.2274707,3737.314954,9943.60797,138.6700021,154.9948023,48.71879158,78.68033277,15.19271778,3.279580781,937.399849,90.485884
1/1/2022,606.0910889,633.9168175, 605.57 ,526.5789474,120.0236512,406.5552962,6042.057526,10388.79008,136.1675813,198.70577,139.1808891,76.70002181,14.32211324,3.513622137,956.105079,89.51541537
2/1/2022,676.2879866,705.6688384, 605.57 ,526.5789474,117.7283228,408.8506245,6019.606046,10825.9457,133.8270977,204.0611359,136.7980091,74.76955345,14.23290884,3.537791188,958.3645328,89.40005077
3/1/2022,665.1287293,695.9493991, 605.57 ,526.5789474,126.6737325,399.9052149,5737.699281,11287.2359,144.5201993,199.0336233,134.5380152,72.88767318,14.28775587,3.50649383,955.7142087,89.57545528
4/1/2022,654.6198968,686.7304807, 605.57 ,526.5789474,135.174696,391.4042514,5478.472774,11792.93646,154.6774506,194.2836548,132.3945702,71.05315809,14.33754786,3.476929424,953.2413591,89.7403237
5/1/2022,644.7214935,677.9697114, 605.57 ,526.5789474,143.1951639,383.3837834,5240.472721,12359.35559,164.2582588,189.8498287,130.3616634,69.26481605,14.38192316,3.449274134,950.9591396,89.89384778
6/1/2022,630.9037753,665.601803, 605.57 ,526.5789474,153.234999,373.3439484,4979.632417,12948.67794,176.1239973,183.4603106,128.4335945,67.52148491,14.44654363,3.41159453,947.869691,90.09820638
7/1/2022,615.1898677,651.6280724, 605.57 ,526.5789474,164.9347529,361.6441945,4704.720035,13561.52732,189.8939499,175.4477154,126.6049569,65.8220318,14.53152028,3.365782939,944.0812847,90.34416002
8/1/2022,652.2887707,692.2151126, 605.57 ,526.5789474,167.6566875,358.9222599,4557.075339,14211.144,193.2237405,167.9327092,133.4888379,64.16535235,14.57546566,3.353284905,942.3209041,90.44281506
9/1/2022,632.7236641,671.6905226, 605.57 ,526.5789474,163.9825837,362.5963636,4515.139804,14843.54442,189.1126997,160.8842431,146.4614748,62.55036998,14.59186544,3.364086025,941.9868865,90.43725427
10/1/2022,610.7054779,649.0106591, 605.57 ,526.5789474,160.4657507,366.1131966,4462.261299,15423.75283,185.1725014,151.0515589,162.4073782,60.97603522,14.63430808,3.370754741,940.9791185,90.46240777
11/1/2022,694.8417595,739.1687728, 605.57 ,526.5789474,157.0983239,369.4806235,4408.463381,15958.37745,181.3948251,141.6240048,177.7115806,59.441325,14.67367772,3.37707656,940.0312689,90.48617336
12/1/2022,675.0186146,718.2137244, 605.57 ,526.5789474,153.872881,372.7060664,4414.135602,16455.53522,177.7718101,142.3583779,182.1998257,57.94524202,14.70133252,3.392590922,939.8575824,90.43975205
1/1/2023,656.3087566,697.8950565, 605.57 ,526.5789474,150.7824156,375.7965318,4486.349426,16921.46459,174.2960283,152.6787478,176.4834669,56.48681406,14.71809341,3.416802165,940.4118148,90.32710001
2/1/2023,638.6462947,678.7032384, 605.57 ,526.5789474,147.820312,378.7586353,4549.088454,17360.41148,170.960458,162.4761605,171.1051312,55.06509337,14.73166952,3.439950261,940.9801789,90.21878719
3/1/2023,621.9693479,661.1700333, 605.57 ,526.5789474,144.9803219,381.5986255,4508.217612,17782.96717,167.7584599,162.0821448,176.2477283,53.67915608,14.76462928,3.453018578,940.71013,90.19924129
4/1/2023,606.2197973,644.9643651, 605.57 ,526.5789474,142.2565419,384.3224055,4412.351127,18200.84523,164.6837543,155.2581895,187.9634838,52.32810154,14.80855172,3.459521937,939.9275837,90.23573515
5/1/2023,641.5401636,683.0494467, 605.57 ,526.5789474,139.6433933,386.9355541,4324.514159,18623.78004,161.7304001,148.8610962,199.0473987,51.01105179,14.84794731,3.465894513,939.2294609,90.26849862
6/1/2023,623.6921186,664.5313506, 605.57 ,526.5789474,137.1356028,389.4433446,4239.258936,19018.87899,158.8927747,142.8640751,209.5752281,49.72715096,14.88906663,3.472289877,938.544311,90.30423084
7/1/2023,605.7716125,645.8692926, 605.57 ,526.5789474,134.7281839,391.8507634,4156.12064,19388.49657,156.1655551,137.242023,219.5515055,48.47556472,14.92762879,3.478589925,937.9167263,90.33819825
8/1/2023,618.3543362,659.3951541, 605.57 ,526.5789474,130.3378249,396.2411225,4088.583533,19724.12904,151.1296866,131.9714171,231.1719541,47.25547974,14.9571644,3.492463631,937.7599037,90.33967389
9/1/2023,621.604679,667.2238757, 605.57 ,526.5789474,134.09093,392.4880174,3957.731679,18773.81303,158.259478,127.0302149,233.8684662,46.06610317,15.35432279,3.489452122,931.6283509,90.51723342
10/1/2023,626.247335,676.5837712, 605.57 ,526.5789474,148.8418257,377.7371216,3736.088181,19165.04223,176.8271723,120.607648,226.562767,44.90666211,15.61259859,3.429033352,925.6020639,90.81985337
11/1/2023,608.0502968,660.1585189, 605.57 ,526.5789474,163.5152356,363.0637118,3525.67997,19541.36105,194.438076,113.8017403,219.6890817,43.7764031,15.75810514,3.363470146,921.0671064,91.0990561
12/1/2023,669.7668966,726.6781222, 605.57 ,526.5789474,177.3596668,349.2192806,3341.990127,19911.18317,208.0404479,107.3864082,213.2218031,42.67459166,15.51770648,3.281192517,921.6830342,91.2890855
1/1/2024,653.3971015,708.6518794, 605.57 ,526.5789474,190.4232628,336.1556846,3173.146255,20280.47784,221.0330694,101.3388725,207.1368455,41.6005118,15.29878431,3.213499934,922.0283195,91.47473624
2/1/2024,636.9314474,690.8728606, 605.57 ,526.5789474,203.6863226,322.8926248,3013.226192,20648.91741,234.5501314,95.63770273,200.4333615,40.55346552,15.09591248,3.163365724,921.9228077,91.67135778
3/1/2024,616.08263,668.3217595, 605.57 ,526.5789474,221.4328874,305.1460599,2838.35269,20953.7806,252.7806426,90.26273639,188.6526927,39.53277243,14.83465267,3.097749686,921.8353603,91.91485368
4/1/2024,614.3872087,667.3574563, 605.57 ,526.5789474,238.1682445,288.4107029,2673.438339,21220.70786,270.6806081,85.19500252,177.5653037,38.53776924,14.6863609,3.028216034,920.6268739,92.16070144
5/1/2024,615.4343953,670.2113506, 605.57 ,526.5789474,253.9511623,272.6277851,2516.82969,21451.34678,288.3324831,80.41665051,167.1303493,37.56780936,14.65343583,2.954589802,918.2691322,92.40933602
6/1/2024,658.9786074,719.6792981, 605.57 ,526.5789474,277.9039909,248.6749564,2340.991871,20303.56989,315.1919333,75.91088296,147.3587905,36.62226246,14.55749986,2.858929208,915.6559166,92.74389153
7/1/2024,642.6739707,703.4222285, 605.57 ,526.5789474,291.4771274,235.1018199,2210.558946,20529.01747,330.3621865,71.66189265,138.62882,35.7005141,14.52929335,2.795449735,913.6389847,92.9566857
8/1/2024,627.2267915,686.9787944, 605.57 ,526.5789474,304.2783175,222.3006298,2094.258548,20730.89393,343.8699081,67.65480333,130.4161782,34.8019653,14.40689795,2.728808956,913.0220563,93.13566877
9/1/2024,620.550044,680.8730716, 605.57 ,526.5789474,326.2368744,200.342073,1887.279274,19681.92577,366.3146364,54.83627318,122.6902002,33.92603213,14.16995421,2.625730703,911.4034169,93.4945063
10/1/2024,605.8763568,664.0300782, 605.57 ,526.5789474,326.7760627,199.8028846,1977.674668,19904.33052,366.6191388,51.87343519,115.4220394,43.20686641,14.10483079,2.632757468,912.4230613,93.44010383
11/1/2024,651.7668765,713.1810977, 605.57 ,526.5789474,321.7321133,204.846834,2160.0954,20099.7375,361.0766845,49.0728733,108.5845595,57.46293297,14.09976413,2.663355903,913.8869196,93.28144576
12/1/2024,636.6728065,695.542927, 605.57 ,526.5789474,316.2014102,210.3775372,2339.748523,20271.11716,355.0310245,46.42557672,102.1522331,71.66037555,14.10135947,2.695685444,915.3609099,93.11601308
1/1/2025,621.7351169,678.1303632, 605.57 ,526.5789474,310.2928039,216.2861435,2509.217882,20419.73773,348.5961048,43.92304183,96.10104641,85.72274351,14.10846388,2.72930954,916.8371609,92.94570439
2/1/2025,607.5455647,661.6247574, 605.57 ,526.5789474,304.6286593,221.950288,2653.654688,20557.30496,342.4243354,41.55724326,90.40840916,99.0611055,14.11449735,2.761557578,918.2630454,92.78240396
3/1/2025,669.7603456,728.6956881, 605.57 ,526.5789474,311.9500402,214.6289072,2569.505444,20693.04016,349.5069439,39.32060663,85.05307054,99.03446846,13.96051497,2.714927119,919.1221474,92.85935367
4/1/2025,656.9512173,713.9302919, 605.57 ,526.5789474,313.1650436,213.4139038,2590.829086,20833.10286,350.37597,37.20598286,80.01503956,104.653506,13.88425228,2.70537386,920.1895827,92.82733285
5/1/2025,644.3479406,699.2455965, 605.57 ,526.5789474,307.7425352,218.8364122,2725.843449,20982.31172,344.4893789,35.20662401,75.27551038,116.4713159,13.89250938,2.736262052,921.4901657,92.67604138
6/1/2025,631.3004933,684.0996262, 605.57 ,526.5789474,301.4778477,225.1010997,2869.143758,21137.97567,337.7379198,33.31616045,70.81679204,128.7487691,13.91186812,2.771301313,922.8195268,92.51063429
7/1/2025,618.5924428,669.3783796, 605.57 ,526.5789474,295.1772498,231.4016975,3001.676163,21305.93225,330.9535617,31.52857934,66.62224236,140.7062675,13.9329072,2.806203405,924.1297026,92.34616298
8/1/2025,613.4446302,662.3162753, 605.57 ,526.5789474,287.6037196,238.9752277,3249.93762,20208.5874,322.7188471,29.83820446,53.28728721,162.6858755,13.95519981,2.854970433,926.2110159,92.09752002
9/1/2025,607.3095591,655.3637828, 605.57 ,526.5789474,279.2324651,247.3464823,3444.463741,19498.20522,313.5699348,21.26131878,50.15177516,183.2622191,14.04883447,2.898675734,926.6754968,91.9147124
10/1/2025,616.9832949,664.668948, 605.57 ,526.5789474,271.1946814,255.3842659,3581.5648,19764.9586,304.7819311,20.15399055,47.20076632,195.1407049,14.07375779,2.941319568,928.2565354,91.72219186
11/1/2025,611.2860229,657.9484433, 605.57 ,526.5789474,263.4470392,263.1319082,3730.13895,19432.17922,296.3099269,14.68778292,44.4234037,211.3541532,14.13794309,2.982054723,929.0789105,91.54722414
12/1/2025,658.995067,708.0875957, 605.57 ,526.5789474,255.0776223,271.5013251,3842.969211,19725.7702,287.2233654,13.97617604,41.80946918,222.7979878,14.16735104,3.027597315,930.668848,91.34984199
1/1/2026,644.0855505,690.6640802, 605.57 ,526.5789474,246.9549591,279.6239883,3959.033205,20012.30069,278.2690236,13.29904573,39.34934594,233.7423012,14.16826564,3.072471786,932.5597913,91.15218277
2/1/2026,629.5391169,674.4333663, 605.57 ,526.5789474,250.8361918,275.7427556,3861.466322,20298.61611,281.8585615,12.65472163,37.03398307,232.583544,14.03526871,3.063788228,933.4341216,91.19280392
3/1/2026,615.6142001,658.1484903, 605.57 ,526.5789474,242.4969862,284.0819612,3979.294663,20593.64464,272.6461435,12.04161433,34.85486226,243.4189542,14.03571652,3.109069716,935.372806,90.99179538
4/1/2026,672.9334989,717.9834799, 605.57 ,526.5789474,234.47672,292.1022273,4096.451417,20882.94729,263.7799679,11.4582114,32.80396648,253.7889797,14.03521895,3.15274293,937.2548503,90.79776469
5/1/2026,657.6227608,700.9054799, 605.57 ,526.5789474,231.1733722,295.4055751,4129.737079,21174.23026,260.1309381,10.90307369,30.87375045,259.3290011,14.01729076,3.179834274,938.2474237,90.70115679
6/1/2026,642.9626512,686.0136334, 605.57 ,526.5789474,238.4125532,288.1663942,3979.442258,21474.09851,268.1509237,10.3748318,29.05711291,254.2543337,13.9601758,3.170418877,937.2447133,90.82204096
7/1/2026,617.9815013,661.0545595, 605.57 ,526.5789474,256.2542658,270.3246815,3766.066245,20617.2735,287.9067989,9.872182643,18.89490815,246.6073952,13.85547667,3.132318534,934.8419015,91.10339788
8/1/2026,611.0532194,654.6637237, 605.57 ,526.5789474,265.9431787,260.6357687,3595.614568,20942.55892,298.6288681,9.393886284,17.78679059,238.3510283,13.78776816,3.113249082,933.3848772,91.2776859
9/1/2026,682.4272515,732.7120073, 605.57 ,526.5789474,275.175465,251.4034824,3431.948236,21255.79214,309.2293585,8.938762855,16.7436601,230.4682158,13.792738,3.079731924,931.3717323,91.46192113
10/1/2026,666.7197203,717.475971, 605.57 ,526.5789474,284.5213878,242.0575596,3272.994688,21552.89116,320.0026044,8.505689654,15.76170541,222.3965173,13.80698063,3.043417893,929.2572117,91.65092835
11/1/2026,650.8586717,702.0218662, 605.57 ,526.5789474,293.6710431,232.9079043,3123.068749,21827.53965,330.5932984,8.093598373,14.83733878,214.4484311,13.82719734,3.007885367,927.1202266,91.83634708
12/1/2026,635.1885783,686.6974605, 605.57 ,526.5789474,302.8541389,223.7248085,2977.816606,22080.17637,341.2121318,7.701472459,13.9671829,206.3996411,13.84672016,2.972144198,924.9904286,92.02206048
1/1/2027,619.3500576,670.3117879, 605.57 ,526.5789474,308.3779834,218.200964,2879.853597,22307.21291,347.6639451,7.328344614,17.04154602,197.8733942,13.81842624,2.955859252,923.9730954,92.15135047
2/1/2027,616.2276213,666.1548414, 605.57 ,526.5789474,302.3764393,224.2025081,2888.57074,22510.45749,341.0177371,6.9732944,31.97935443,189.2723793,13.76451246,2.985059308,925.0516291,92.12352992
3/1/2027,607.9616721,656.9641506, 605.57 ,526.5789474,296.6028674,229.9760799,2879.50224,22693.31932,334.6195307,6.635445979,46.87533794,180.8915608,13.77020002,3.005225763,925.4107268,92.11123547
4/1/2027,609.8760867,658.7775384, 605.57 ,526.5789474,291.0479916,235.5309558,2871.776955,22861.09006,328.4593734,6.31396594,61.13883271,172.8892456,13.77496736,3.024673741,925.7694005,92.09871253
5/1/2027,670.7520531,724.254719, 605.57 ,526.5789474,285.7029322,240.8760151,2862.048006,23018.70202,322.5277339,6.008061255,74.79769882,165.2481239,13.77887226,3.043431275,926.1272802,92.08599143
6/1/2027,642.4752064,693.5934205, 605.57 ,526.5789474,280.5591889,246.0197585,2889.525775,21090.56725,316.8154839,0,93.70876613,157.9516843,13.76976056,3.059970365,926.2994536,92.11507701
7/1/2027,630.0741461,679.7236052, 605.57 ,526.5789474,282.5303309,244.0486165,2811.95582,21356.0336,318.2459327,0,98.84293862,150.9841765,13.64454101,3.06146902,926.9564,92.16839485
8/1/2027,617.9910739,666.3972268, 605.57 ,526.5789474,289.8482241,236.7307233,2696.734926,21633.78381,325.3543015,0,98.14007207,144.3305758,13.47331706,3.040526854,927.361413,92.28522199
9/1/2027,702.8363038,756.1712915, 605.57 ,526.5789474,283.9885791,242.5903683,2731.995785,21912.13711,318.8205953,0,109.7414365,137.9765498,13.34446254,3.078020933,929.4670556,92.22338476
10/1/2027,689.7937265,742.6286263, 605.57 ,526.5789474,287.0579115,239.5210358,2657.139483,22202.31012,311.6811988,0,112.5406795,142.6904976,13.33018177,3.06735796,928.8542106,92.30372699
11/1/2027,677.3029443,730.4181313, 605.57 ,526.5789474,293.3566808,233.2222666,2546.837294,22518.14418,304.7940436,0,111.9952872,151.0847851,13.35623293,3.039350387,927.281122,92.43378642
12/1/2027,662.7950337,715.9208742, 605.57 ,526.5789474,299.3500644,227.228883,2445.356483,22836.47326,295.2614236,0,111.4941143,162.0309514,13.38056996,3.012794408,925.7936982,92.55713453
1/1/2028,646.4666633,699.6353841, 605.57 ,526.5789474,307.371947,219.2070004,2336.653667,23153.4857,285.9570905,0,108.6366888,175.2937106,13.40519972,2.978848801,924.0051004,92.70482437
2/1/2028,628.3353028,681.5615486, 605.57 ,526.5789474,317.4939242,209.0850231,2221.152057,23446.08754,276.982576,0,103.3609491,190.8418934,13.43024323,2.937310511,921.905445,92.87761421
3/1/2028,610.3201954,662.7054215, 605.57 ,526.5789474,313.5299142,213.0490332,2219.626947,23722.73761,268.3256967,0,113.1609175,190.2898499,13.51915744,2.937076486,920.9524708,92.88453098
4/1/2028,681.4608376,740.5006523, 605.57 ,526.5789474,306.0819666,220.4969808,2249.161706,23974.30489,259.9747361,0,126.5421946,185.6833081,13.62564901,2.946768066,920.2704082,92.84984868
5/1/2028,663.978445,722.0494093, 605.57 ,526.5789474,298.3068229,228.2721244,2280.960305,24194.11478,251.320176,0,140.0298505,181.2830474,13.73963959,2.957350485,919.5748053,92.81054126
6/1/2028,643.7666371,700.8239306, 605.57 ,526.5789474,287.2817777,239.2971697,2334.423348,23932.2945,239.3704352,0,156.7997273,177.0796868,13.91081861,2.983762163,918.5854093,92.739898
7/1/2028,627.755925,683.8345628, 605.57 ,526.5789474,279.9663607,246.6125866,2350.006711,24119.25254,231.2259357,0,169.3290404,173.0642761,14.01433705,2.99389312,917.9938529,92.70102954
8/1/2028,609.1584755,663.5624005, 605.57 ,526.5789474,269.6000745,256.9788728,2378.950947,23837.16082,219.8966138,0,178.1620898,175.5489936,14.06170421,3.032547976,918.0123452,92.64082668
9/1/2028,611.0967431,664.7897732, 605.57 ,526.5789474,262.9601172,263.6188302,2377.478455,24053.49772,212.4884384,0,173.9182208,186.4392984,13.91306766,3.085493881,919.2330685,92.63130196
10/1/2028,619.4394089,672.8811834, 605.57 ,526.5789474,254.1148137,272.4641336,2393.992172,23941.42876,202.7811691,0,169.9285632,199.2995073,13.76873419,3.151107015,920.5776951,92.60089325
11/1/2028,606.3929095,657.8893886, 605.57 ,526.5789474,248.0557488,278.5231986,2389.3854,24215.84175,196.00845,0,166.1775793,209.1113859,13.63122666,3.199500661,921.7247153,92.5912046
12/1/2028,625.3766888,677.6654257, 605.57 ,526.5789474,242.2112061,284.3677413,2380.679707,24528.77923,189.4732399,0,162.6507031,218.4831053,13.49893085,3.246092748,922.8398928,92.58101878
1/1/2029,617.0781578,665.5632734, 605.57 ,526.5789474,225.9742594,300.604688,2440.115259,23515.37745,173.4115383,0,155.7176893,238.8241239,13.12698772,3.366524979,927.1517562,92.46315384
2/1/2029,615.6505069,661.5768397, 605.57 ,526.5789474,220.8867988,305.6921486,2517.644353,23565.28891,165.6648051,0,161.8375161,238.3583936,12.89265381,3.417400476,930.5805009,92.36802105
3/1/2029,655.4316417,703.601931, 605.57 ,526.5789474,232.0566937,294.5222537,2402.115092,23878.23586,160.1573142,0,152.9028788,252.2191445,12.66217186,3.376694547,931.5375823,92.50095298
4/1/2029,629.4135894,672.0112029, 605.57 ,526.5789474,223.8736783,302.7052691,2572.902953,22764.27366,152.6712359,0,169.9867468,239.5589091,12.31638183,3.452286147,936.6117509,92.33880633
5/1/2029,606.3940604,645.851648, 605.57 ,526.5789474,227.0701822,299.5087652,2537.236045,22113.28788,140.2684739,0,168.8474915,251.7270625,12.05804169,3.451030792,938.9061129,92.36895738
6/1/2029,626.793501,666.2006483, 605.57 ,526.5789474,221.7302947,304.8486527,2521.509018,22507.90642,135.6603924,0,161.4608875,262.5642234,11.84005139,3.50771389,940.8479302,92.35519981
7/1/2029,606.7333691,642.9673858, 605.57 ,526.5789474,213.5193601,313.0595872,3059.428181,22629.5267,129.1719519,13.93937914,154.5278363,260.3869879,11.83987858,3.549032047,943.6456381,92.10389765
8/1/2029,617.0425042,651.8900711, 605.57 ,526.5789474,207.6312182,318.9477292,3781.172042,23022.5905,124.9791297,33.25705918,147.1119832,250.9693994,11.9283978,3.558033312,946.5437987,91.79021327
9/1/2029,646.1194439,680.3325593, 605.57 ,526.5789474,201.952139,324.6268083,4757.491451,22257.45653,120.9293955,60.28698466,138.7781815,234.46763,12.04182707,3.559184235,949.7111891,91.44685572
10/1/2029,625.8682641,656.6995264, 605.57 ,526.5789474,196.4745262,330.1044212,5465.662997,22660.52283,117.0176797,79.66963318,129.5305638,226.301184,12.10596469,3.566561067,953.0511885,91.11594985
11/1/2029,606.7371912,635.2408335, 605.57 ,526.5789474,198.251813,328.3271343,5807.477081,23033.79626,113.2390978,91.22228571,120.911174,225.944313,12.08430681,3.546461041,955.1293922,90.9735269
12/1/2029,645.3020911,674.7770161, 605.57 ,526.5789474,199.1950211,327.3839263,5700.216403,23369.4435,109.5889431,91.22228571,112.8764969,236.9433287,11.90764026,3.559764068,956.3190146,91.00979072
1/1/2030,627.1297923,654.4994497, 605.57 ,526.5789474,193.1934484,333.385499,5796.42666,23671.74691,106.0626805,105.1662824,105.3860893,232.9452389,11.9048618,3.591420407,958.1823066,90.82169322
2/1/2030,609.2348605,634.57945, 605.57 ,526.5789474,186.9136921,339.6652553,5938.801662,23942.06954,102.6559396,122.9602249,98.40235904,224.4664705,11.95977922,3.61700638,960.0608096,90.58427167
3/1/2030,619.5264216,644.0646799, 605.57 ,526.5789474,180.5677458,346.0112016,6076.020015,24177.43952,99.36450891,140.9237423,91.89036056,215.2571219,12.02533855,3.641750141,961.900941,90.34174239
4/1/2030,622.5064933,645.0766046, 605.57 ,526.5789474,174.4645994,352.114348,6250.427198,23380.79229,96.18432977,147.8942857,102.587028,199.0053866,11.88282165,3.676214441,965.0117348,90.16627768
5/1/2030,689.0594349,711.8990659, 605.57 ,526.5789474,168.5946763,357.9842711,6290.186122,23602.86909,93.11149077,145.471092,114.408722,191.0416796,11.72808084,3.711948367,967.9173184,90.0150101
6/1/2030,664.5296919,684.451334, 605.57 ,526.5789474,165.8097257,360.7692216,6301.038749,22932.16789,93.03632219,142.4799305,129.7951086,177.0536637,11.47040047,3.739774123,970.8939978,89.95267772
7/1/2030,647.6843519,666.4686391, 605.57 ,526.5789474,177.2243906,349.3545568,6003.692557,23156.68675,107.2075837,139.6535425,124.8671537,170.1226285,11.16593031,3.706786259,971.8151972,90.14966986
8/1/2030,626.7322124,644.314282, 605.57 ,526.5789474,191.4018678,335.1770796,5663.252798,22951.92878,124.0014297,135.5060785,118.6247371,163.2191161,10.78988857,3.665762318,972.7119667,90.41113422
9/1/2030,608.5885008,625.2540286, 605.57 ,526.5789474,203.9483568,322.6305906,5350.381068,23191.51267,139.7932356,131.546455,114.1959051,155.4631379,10.4651474,3.633318352,973.3459889,90.64994091
10/1/2030,645.5699766,664.5234937, 605.57 ,526.5789474,217.7685051,308.8104423,5034.426313,23189.17599,158.0805125,127.7882952,109.9457438,146.2244133,10.26087329,3.618764517,971.4780331,90.99008842
11/1/2030,622.9812437,642.9483203, 605.57 ,526.5789474,235.1853841,291.3935633,4684.843677,23076.20729,180.1237241,121.7877495,104.8949053,136.6498698,10.02221607,3.596069895,968.9445078,91.42444402
12/1/2030,628.9761312,650.8755281, 605.57 ,526.5789474,251.8448785,274.7340689,4352.323099,23294.67768,201.2098925,115.7476443,97.78350189,130.1720883,9.8224967,3.573167941,966.3539403,91.83036332
1/1/2031,608.5184751,631.0046271, 605.57 ,526.5789474,265.6542192,260.9247282,4084.968272,23482.2106,219.076691,110.0093678,92.94258428,124.008603,9.636979643,3.556726307,964.3645213,92.16796857
2/1/2031,608.5719597,629.5508744, 605.57 ,526.5789474,261.0587897,265.5201576,4176.205301,23398.65528,216.8711587,104.5577259,106.9645914,116.3378929,9.470606963,3.586936172,966.6763792,92.08476943
3/1/2031,652.8114339,673.8617357, 605.57 ,526.5789474,256.6403886,269.9385588,4240.381888,23543.69276,214.7382224,99.37829505,118.6045684,110.8377201,9.33237229,3.614999208,968.7616899,91.99843388
4/1/2031,635.5642021,654.8403693, 605.57 ,526.5789474,254.7205725,271.8583749,4242.044576,23674.27035,215.0064773,94.45738248,127.481998,105.6038189,9.175224026,3.632888619,970.5635631,91.96041535
5/1/2031,611.5817748,629.357992, 605.57 ,526.5789474,266.958437,259.6205103,3996.408899,22687.98185,228.9843526,89.78198924,122.49512,100.6230131,8.786060287,3.60975677,971.7549987,92.20724832
6/1/2031,679.7468959,700.8417065, 605.57 ,526.5789474,278.4812916,248.0976557,3760.290338,22856.16505,243.8489076,85.33977468,117.8489726,95.88279144,8.650142341,3.594565562,969.9007487,92.49118447
7/1/2031,655.2984451,675.5949799, 605.57 ,526.5789474,297.1229718,229.4559756,3549.039486,21948.35302,264.9333089,81.11902287,105.4650526,91.37127346,8.304164254,3.5549152,969.9575406,92.7555413
8/1/2031,639.0843764,658.5663686, 605.57 ,526.5789474,307.3019005,219.2770469,3382.08595,22200.66156,276.941153,77.10861082,101.5043575,87.07717733,8.094957061,3.527909012,970.4175719,92.88241383
9/1/2031,618.338383,636.679693, 605.57 ,526.5789474,318.8922327,207.6867147,3212.441028,22428.6295,290.006645,73.2979782,95.90405348,82.989789,7.857957357,3.492045471,971.1922491,93.00399736
10/1/2031,618.4032147,637.7212214, 605.57 ,526.5789474,331.3094274,195.2695199,3007.292984,22631.7884,305.0157024,69.67709872,89.23676473,79.09893317,7.715660266,3.467683215,969.7077563,93.25759368
11/1/2031,615.3239824,636.0757289, 605.57 ,526.5789474,342.9621275,183.6168199,2806.56917,22812.65197,319.6716675,66.23645291,83.03470931,75.39494567,7.624170593,3.451777433,967.3753525,93.54789091
12/1/2031,608.9884404,631.1683905, 605.57 ,526.5789474,357.1025566,169.4763907,2604.058298,22526.56287,336.9371938,62.96700235,73.9846202,71.86864736,7.506984151,3.428750768,964.8589023,93.87660425
1/1/2032,613.0100258,636.9123844, 605.57 ,526.5789474,368.8022461,157.7767013,2428.069477,22475.95345,351.4743736,59.86016516,67.26534533,68.51131931,7.42481463,3.411259246,962.4715123,94.16127503
2/1/2032,654.2538625,680.2219475, 605.57 ,526.5789474,386.7782452,139.8007022,2248.165461,21375.56381,372.0416507,56.9077928,53.2153459,65.31467931,7.134454997,3.371689571,961.8241001,94.48651746
3/1/2032,638.597983,664.9136506, 605.57 ,526.5789474,394.9486167,131.6303307,2113.918124,21613.71612,382.4124059,54.10214803,49.4930646,62.27085958,7.06268226,3.354669959,960.4224284,94.68067802
4/1/2032,622.1068792,648.6095613, 605.57 ,526.5789474,402.6270822,123.9518651,1994.729307,21838.30789,392.1722777,51.43588401,46.03144958,59.37238568,6.99090972,3.343769678,959.1392361,94.8555375
5/1/2032,605.5793248,631.4706984, 605.57 ,526.5789474,409.8440956,116.7348518,1883.002557,22058.24451,400.7662808,48.90202443,42.81222036,56.61215645,6.844447149,3.322208005,958.9982977,95.01019067
6/1/2032,662.1322757,690.3920863, 605.57 ,526.5789474,416.6281765,109.9507709,1786.973159,21981.5871,400.9355949,46.49394475,39.81838073,61.80542045,6.726879455,3.284973542,959.0670126,95.13550826
7/1/2032,645.3675109,673.4620074, 605.57 ,526.5789474,423.0060366,103.5729107,1707.49748,22196.83658,391.3818806,44.20535427,37.03412841,76.88091089,6.740095369,3.237086261,958.2834723,95.22203471
8/1/2032,628.3676363,656.1773991, 605.57 ,526.5789474,429.0026968,97.57625059,1635.239147,22408.96522,381.0868547,42.03027923,34.44477094,92.32192767,6.754973746,3.189046689,957.61853,95.29666019
9/1/2032,608.6866717,635.9622729, 605.57 ,526.5789474,435.1034651,91.47548225,1568.230119,22532.78129,367.9286421,39.96304674,31.59608595,110.6874793,6.776695176,3.133121625,957.1112904,95.35575868
10/1/2032,643.2621238,672.7828778, 605.57 ,526.5789474,448.9692288,77.60971855,1490.118685,21538.62521,377.4475775,37.99826947,29.39545049,105.9035491,6.80590066,3.029103342,956.1214249,95.47556781
11/1/2032,626.4060317,655.3760095, 605.57 ,526.5789474,453.4275023,73.1514451,1435.962812,21767.89469,383.1143666,36.13083121,27.34809301,104.338839,6.824100522,2.984468167,955.7964019,95.51532392
12/1/2032,610.2413573,638.6581104, 605.57 ,526.5789474,457.6213039,68.95764343,1384.799506,21993.37028,388.4574092,34.35587312,25.44333704,102.8432225,6.841554862,2.941875525,955.5055316,95.55150137
1/1/2033,654.2254318,684.8391688, 605.57 ,526.5789474,461.5668013,65.01214608,1337.14954,22212.23663,393.4659779,32.66878069,23.67124978,101.4136035,6.86132536,2.898503811,955.2979176,95.57879539
2/1/2033,637.3361492,667.2941004, 605.57 ,526.5789474,465.2791466,61.29980074,1293.50156,22426.50173,386.4533484,31.06517137,22.02259032,111.7896522,6.88552332,2.85577857,955.1053259,95.60046311
3/1/2033,620.9699821,650.2931161, 605.57 ,526.5789474,468.7725424,57.80640498,1253.476463,22646.29222,373.7706799,29.54088281,20.48876145,127.644471,6.911725146,2.814924213,954.9078202,95.61961514
4/1/2033,650.0644774,680.219386, 605.57 ,526.5789474,472.060302,54.51864537,1222.949074,21852.87643,353.4353882,28.09196173,19.06176482,150.4165481,6.855416022,2.775310853,955.6688486,95.62747071
5/1/2033,631.6045152,661.0789453, 605.57 ,526.5789474,475.1549069,51.42404049,1187.613595,22090.92032,341.4663086,26.71465335,17.73415918,165.2371375,6.889967856,2.737722979,955.4146592,95.64210756
6/1/2033,629.0357381,658.7631702, 605.57 ,526.5789474,483.700701,42.87824635,1118.054724,20694.40817,323.311719,25.40539135,11.1262295,191.6210616,6.881920407,2.666991901,954.8738705,95.74649846
7/1/2033,612.8714805,641.9518959, 605.57 ,526.5789474,486.0539756,40.52497178,1088.977085,21000.45594,312.6061464,24.1607883,10.34855501,204.4493397,6.914287108,2.63535719,954.7000086,95.75223503
8/1/2033,616.6127855,644.8418282, 605.57 ,526.5789474,478.0130637,48.56588364,1232.399068,21293.4203,299.9170571,22.97762669,19.41279243,208.3786904,6.932278938,2.656509615,956.2233071,95.59116256
9/1/2033,649.2041961,676.7711335, 605.57 ,526.5789474,461.7911487,64.78779871,1537.398111,21279.65488,286.3391289,21.85285031,38.24301111,202.5039002,6.941135759,2.716927252,959.2669722,95.28127568
10/1/2033,631.8617253,656.8110689, 605.57 ,526.5789474,446.3168885,80.26205886,1773.688799,21556.34068,273.3849984,20.78355609,54.15968994,199.0429088,6.947233253,2.777645397,962.0144288,95.00037914
11/1/2033,607.5648305,631.6639157, 605.57 ,526.5789474,449.2283054,77.35064192,1648.417458,20790.63354,282.2738921,14.74062559,57.42474211,193.0264642,6.903936833,2.753328999,961.8482477,95.05885582
12/1/2033,618.7599819,643.3517021, 605.57 ,526.5789474,450.6056784,75.97326897,1594.873795,21131.9654,277.2478861,14.05104684,56.88342247,199.3247103,6.932848662,2.730289089,961.7756195,95.05419893
1/1/2034,617.9087644,642.510823, 605.57 ,526.5789474,451.9049994,74.67394793,1548.334297,21206.15336,265.9970839,13.3938319,56.37993913,211.7738512,6.960350763,2.708384224,961.7095032,95.04950606
2/1/2034,643.8388362,669.5151198, 605.57 ,526.5789474,453.1308668,73.44808052,1503.672145,21570.64484,255.2623159,12.76745708,55.91164742,223.6374878,6.986509417,2.687556611,961.6494343,95.04479528
3/1/2034,617.784585,642.0306171, 605.57 ,526.5789474,457.5679525,69.01099486,1450.197667,20567.50218,245.0197022,12.17047064,53.97021068,236.0850718,6.924467645,2.648914091,962.2353958,95.07183773
4/1/2034,647.7959653,674.2547716, 605.57 ,526.5789474,466.9685188,59.61042855,1335.439054,20330.28452,258.4522661,11.60148939,45.55705508,232.4759126,6.961960122,2.588492264,960.758444,95.20427154
5/1/2034,628.3184739,654.3630094, 605.57 ,526.5789474,470.8390556,55.73989175,1269.180264,20735.63545,253.9349235,11.05919544,42.39286834,241.0192733,6.991234955,2.55649745,960.1986433,95.24698254
6/1/2034,609.8126448,633.7920274, 605.57 ,526.5789474,459.4803979,67.09854943,1459.790321,21115.50769,245.0363504,10.54233311,53.73058588,237.9761002,7.000347755,2.601372472,962.1652189,95.0412774
7/1/2034,613.7805882,636.013882, 605.57 ,526.5789474,445.2711676,81.3077798,1739.174525,20666.29644,236.5450186,4.086106302,73.48457511,231.5377907,6.935029087,2.664322937,965.042754,94.81064639
8/1/2034,641.6436037,665.3878981, 605.57 ,526.5789474,444.2466327,82.33231467,1703.098935,20822.47915,243.6498303,3.908417422,74.63893186,223.8680457,6.922171294,2.700167579,964.3151094,94.86669085
9/1/2034,620.9218995,645.445932, 605.57 ,526.5789474,450.8174545,75.76149284,1498.564999,20676.39237,257.0668845,0,72.26640714,218.0435037,6.857692453,2.717861345,962.004513,95.11094292
10/1/2034,671.1864444,698.6966663, 605.57 ,526.5789474,453.1319694,73.44697802,1413.849623,21041.31478,266.6771369,0,70.05866724,211.4262723,6.845297537,2.741734376,960.626373,95.23089724
11/1/2034,655.1191212,682.3214525, 605.57 ,526.5789474,455.2857285,71.29321891,1357.121907,21409.38322,275.4030109,0,68.00426696,205.0366624,6.864214077,2.729084936,960.1326748,95.26598306
12/1/2034,639.2446506,665.8218414, 605.57 ,526.5789474,455.8479361,70.73101129,1334.029199,21786.8838,269.7439423,0,67.46799552,211.2600191,6.886941316,2.716870238,960.0836302,95.25824091
1/1/2035,618.9059266,642.8238239, 605.57 ,526.5789474,439.8119608,86.76698655,1600.855336,22132.69424,260.8873918,0,82.7641872,203.2772481,6.887601219,2.78876755,962.7924535,94.9792659
2/1/2035,627.4022957,649.8539459, 605.57 ,526.5789474,424.1573212,102.4216262,1850.689965,22451.18724,252.4432917,0,97.6966353,195.2826975,6.887740455,2.859545409,965.4512367,94.70575368
3/1/2035,607.7499448,628.5816308, 605.57 ,526.5789474,423.3413921,103.2375553,1824.103164,22746.51452,259.0190937,0,98.47492337,187.1343393,6.733692992,2.873776758,966.8592191,94.71317243
4/1/2035,659.9947287,681.9452958, 605.57 ,526.5789474,427.2711917,99.3077557,1719.603667,23030.62627,270.0151684,0,94.72641624,179.3506943,6.536816901,2.869296471,967.8118359,94.80981171
5/1/2035,642.2888486,663.0206542, 605.57 ,526.5789474,430.9262821,95.6526653,1625.429888,23310.69278,280.4205151,0,91.2399452,171.9154073,6.34951625,2.865379871,968.7312825,94.90039972
6/1/2035,623.8417963,643.0981829, 605.57 ,526.5789474,431.99759,94.58135736,1581.563238,23585.91349,287.8021635,0,90.21805964,164.8128577,6.180068642,2.868510136,970.056848,94.93515013
7/1/2035,634.2461654,651.9397753, 605.57 ,526.5789474,416.6290563,109.9498911,1828.943823,23865.96982,278.36323,0,104.8776007,158.0281266,6.180094791,2.933489243,972.8600547,94.65216282
8/1/2035,612.982474,628.6935328, 605.57 ,526.5789474,401.2733672,125.3055801,2090.087176,24128.45917,268.638914,0,119.8895593,151.5469656,6.343264937,2.943954662,975.0099883,94.33250451
9/1/2035,647.6912644,662.0019464, 605.57 ,526.5789474,377.4560173,149.1229301,2521.342041,23088.73076,249.8033806,0,143.4125817,144.997701,6.714030423,2.907373098,978.3827191,93.77158693
10/1/2035,622.3244886,634.8504388, 605.57 ,526.5789474,357.4894213,169.0895261,2843.445347,22593.34573,235.5175221,0,163.1469226,138.5133169,7.081524217,2.887072994,980.2694471,93.3282852
11/1/2035,647.4637126,658.9289527, 605.57 ,526.5789474,344.2496765,182.3292708,3001.957101,22943.679,227.7409189,0,175.843207,132.3194429,7.109800651,2.935171063,982.6001877,93.0752176
12/1/2035,626.2070678,636.0066058, 605.57 ,526.5789474,335.7713743,190.8075731,3069.797556,23296.41798,224.4859785,0,183.9303819,126.4030407,7.063233823,2.974860945,984.5920814,92.92000984
1/1/2036,657.3231879,667.158457, 605.57 ,526.5789474,341.9461014,184.6328459,2887.840021,23655.6607,235.6657716,0,178.0405119,120.7516582,6.865696396,2.956899651,985.2579713,93.0499484
2/1/2036,636.2209475,645.3356295, 605.57 ,526.5789474,348.0509587,178.5279887,2720.750654,24022.6593,246.5521755,0,172.2172885,115.3534029,6.674638852,2.938906072,985.8760596,93.17825364
3/1/2036,610.8917563,618.4498744, 605.57 ,526.5789474,344.6693518,181.9095956,2741.760442,24041.56708,247.538423,0,175.3585843,110.1969173,6.529941901,2.967394072,987.7789318,93.12040849
4/1/2036,650.3758565,655.2450801, 605.57 ,526.5789474,326.8866802,199.6922672,3024.919148,23647.88158,233.0651289,0,192.1848475,105.2713539,6.357247878,3.070175927,992.5688513,92.78785312
5/1/2036,612.250398,621.4014501, 605.57 ,526.5789474,333.4131429,193.1658045,2878.597549,21738.17846,208.0868164,0,185.8334769,140.5292106,7.022834681,3.091498235,985.2735263,92.95806623
6/1/2036,642.6732849,656.165821, 605.57 ,526.5789474,344.251697,182.3272503,2668.264438,22031.74716,200.3151029,0,175.3782541,161.9407962,7.402639207,3.097158748,979.4373074,93.20510786
7/1/2036,621.8404383,638.3420593, 605.57 ,526.5789474,354.304919,172.2740284,2482.537558,22352.2445,193.3843702,0,165.6807565,181.4875118,7.743927949,3.102300113,974.14925,93.4317558
8/1/2036,626.9365984,647.1542778, 605.57 ,526.5789474,363.6297801,162.9491673,2319.353111,22321.27626,184.4155538,0,156.6860038,202.4586991,8.117343479,3.110026903,968.7591042,93.6407139
9/1/2036,607.2597552,629.8750105, 605.57 ,526.5789474,372.2791136,154.2998337,2172.795129,22407.95865,176.7881961,0,148.3430098,221.0583236,8.436602928,3.114428917,964.0956461,93.82792103
10/1/2036,609.4691176,637.1397917, 605.57 ,526.5789474,388.1112986,138.4676488,1968.181888,21945.95708,168.0428626,0,133.1553778,249.2880617,8.921780746,3.10079348,956.5704819,94.15686639
11/1/2036,609.2022364,640.5082205, 605.57 ,526.5789474,398.0509965,128.5279508,1820.800681,22187.25267,159.4613659,0,123.594739,270.5829404,9.300622559,3.102077181,951.1232126,94.36738706
12/1/2036,658.2968884,691.6079192, 605.57 ,526.5789474,389.0018041,137.5771432,2008.075686,22119.08386,149.3223928,0,132.1528547,271.7495612,9.389096315,3.153296529,951.8353825,94.20708048
1/1/2037,638.8327536,672.5532335, 605.57 ,526.5789474,388.8331242,137.7458231,2025.359572,22255.86449,141.3587006,0,132.2455801,280.7698834,9.586509671,3.179248868,949.8619912,94.22338575
2/1/2037,613.8768965,650.0784837, 605.57 ,526.5789474,396.7804737,129.7984737,1899.489493,21435.64034,134.136038,0,124.6017288,298.8946277,10.00399067,3.196694511,944.3119744,94.41032792
3/1/2037,654.7208226,695.6079586, 605.57 ,526.5789474,401.1897582,125.3891892,1836.362739,21618.53719,127.285365,0,120.3373873,311.8409061,10.24084327,3.205878095,941.221006,94.50804353
4/1/2037,628.8207094,665.8057024, 605.57 ,526.5789474,382.1361541,144.4427933,2181.546764,20655.15047,112.3206977,0,138.4578477,306.771899,10.21864957,3.297052265,944.4507716,94.1832191
5/1/2037,609.6074514,643.6208385, 605.57 ,526.5789474,369.2776226,157.3013248,2397.904959,20862.85213,106.5727644,0,150.6730328,298.7139157,10.15811878,3.351150976,947.1530674,93.95024313
6/1/2037,671.0464341,706.4778521, 605.57 ,526.5789474,356.7112054,169.8677419,2577.210254,21072.28186,101.1214458,0,162.6132853,290.6477152,10.09506232,3.403671536,949.8478007,93.72082005
7/1/2037,644.6871935,678.0127538, 605.57 ,526.5789474,364.2279812,162.3509661,2442.928199,20377.8148,115.4534193,0,155.4002696,282.9454959,9.828276185,3.379247973,950.8481808,93.86707448
8/1/2037,623.61999,654.8423104, 605.57 ,526.5789474,370.7305948,155.8483526,2292.259764,20407.24222,129.7133459,0,149.1578083,274.0716315,9.53272203,3.357202391,952.3208567,93.99266522
9/1/2037,652.2244087,684.1900202, 605.57 ,526.5789474,376.7680374,149.8109099,2156.351457,20754.19083,141.9131897,0,143.3620019,267.1114653,9.300076729,3.337654229,953.2796291,94.11112207
10/1/2037,631.473181,665.1101557, 605.57 ,526.5789474,385.1503887,141.4285587,2002.722036,21131.10222,137.6817265,0,135.3321898,281.614556,9.548772179,3.327024149,949.4264606,94.28073703
11/1/2037,607.6744691,643.1499958, 605.57 ,526.5789474,396.062044,130.5169034,1830.58535,21483.48773,133.6698257,0,124.8922819,298.7580778,9.831014917,3.308613758,944.8409751,94.49637309
12/1/2037,577.8369117,615.0011957, 605.57 ,526.5789474,406.1266456,120.4523018,1683.218455,20874.71604,129.8660126,0,115.2626887,315.3178117,10.19174723,3.306639047,939.5703874,94.71096981
1/1/2038,556.0326729,593.0617065, 605.57 ,526.5789474,415.4103436,111.1686037,1537.812897,21196.52695,145.856532,0,106.3801391,309.4098371,10.10864619,3.298107464,937.5629327,94.94892536
2/1/2038,530.489568,567.3751108, 605.57 ,526.5789474,429.018253,97.5606944,1361.797936,20841.48693,170.1212842,0,93.37487098,299.6964251,9.958451302,3.279963711,934.9891418,95.28977236
3/1/2038,511.5636951,547.686096, 605.57 ,511.5636951,421.5514386,90.01225654,1245.820652,21154.24574,171.1172237,0,86.15139131,290.417481,9.930896145,3.271254644,934.0454301,95.3998012
4/1/2038,479.3457366,514.3711368, 605.57 ,479.3457366,399.4059309,79.93980578,1104.300366,19737.98466,162.9965622,0,76.52205816,274.8525164,10.02972958,3.278496411,931.9063656,95.52374239
5/1/2038,460.2739649,494.5384337, 605.57 ,460.2739649,386.5147768,73.75918806,1012.218491,20066.86124,157.2467387,0,70.60660976,266.6850852,10.08030964,3.273028031,930.7142449,95.59482499
6/1/2038,442.2997034,475.8286651, 605.57 ,442.2997034,374.240302,68.05940147,929.654109,20375.12174,151.7944829,0,65.1512854,258.8828968,10.13077657,3.267871807,929.5356413,95.66450747
7/1/2038,423.213291,455.7225041, 605.57 ,423.213291,360.4104781,62.80281296,853.6154945,20648.3385,146.6243404,0,60.12007916,248.9780845,10.15425496,3.263265174,928.6644553,95.72631956
8/1/2038,395.8472689,427.2214042, 605.57 ,395.8472689,345.208736,50.63853283,710.294751,19898.54046,141.7216626,0,48.30243826,237.1973033,10.09359127,3.271632691,926.5623515,95.96067094
9/1/2038,372.4001678,402.2989884, 605.57 ,372.4001678,325.6924555,46.70771236,648.2545045,19416.99028,134.172159,0,44.55295733,223.5738721,10.12415409,3.283783128,925.6800999,96.01437542
10/1/2038,354.9371566,383.6552783, 605.57 ,354.9371566,311.8530635,43.0840931,595.9238236,19588.1457,129.9058822,0,41.09650558,212.6528906,10.12106944,3.280744505,925.1460272,96.06464665
11/1/2038,336.6902332,364.1212304, 605.57 ,336.6902332,296.9467225,39.74351069,548.4339369,19742.48217,123.61574,0,37.91003341,202.595457,10.13770445,3.275934492,924.6652079,96.0980819
12/1/2038,309.2526233,335.5753499, 605.57 ,309.2526233,275.5958154,33.65680787,475.0526522,18495.39824,110.4545207,0,32.10412691,193.0167023,10.37452832,3.270713461,921.5594156,96.19298115
1/1/2039,293.4447811,318.5732378, 605.57 ,293.4447811,262.4163585,31.02842256,437.9643058,18602.55575,105.0825423,0,29.59699623,183.8936993,10.39009349,3.266152549,921.1218842,96.223325
2/1/2039,276.5470209,300.4403371, 605.57 ,276.5470209,247.9403849,28.60663594,402.5630398,18378.65073,99.97269209,0,27.28693327,173.1807117,10.42507496,3.270102481,920.4723426,96.25647629
3/1/2039,262.4605714,285.2674406, 605.57 ,262.4605714,236.0854629,26.37510852,371.815311,18383.26823,95.11213767,0,25.15835234,164.9969506,10.44033267,3.265813396,920.0509208,96.28542647
4/1/2039,237.5004571,259.1449292, 605.57 ,237.5004571,217.8287001,19.67175703,295.329955,16748.60139,88.83381919,0,18.76424487,151.5468652,10.60138945,3.269742269,916.4773465,96.50063142
5/1/2039,219.6865222,239.8522221, 605.57 ,219.6865222,201.5840106,18.10251164,272.385072,15870.4138,78.22598435,0,17.26739307,144.3588447,10.73002152,3.262346754,915.9244816,96.46823337
6/1/2039,208.5751433,227.8159656, 605.57 ,208.5751433,191.9160711,16.65907218,251.9668889,15826.98281,74.41160811,0,15.89054343,137.513814,10.74534212,3.258948841,915.5422569,96.49311453
7/1/2039,198.0455315,216.4032017, 605.57 ,198.0455315,182.7142246,15.33130687,233.2644237,15739.0012,70.7838623,0,14.62403159,130.9953078,10.7604206,3.255665044,915.1691378,96.51727538
8/1/2039,188.0657881,205.580215, 605.57 ,188.0657881,173.9558848,14.10990328,216.112285,15610.29806,67.33358461,0,13.4589747,124.7876557,10.77526271,3.252492422,914.8049,96.54073398
9/1/2039,177.33055,193.977949, 605.57 ,177.33055,164.3442483,12.98630178,199.2944898,15263.98888,64.05206401,0,12.38720802,117.538677,10.81265952,3.257920023,914.1789102,96.56935414
10/1/2039,168.4202113,184.3018457, 605.57 ,168.4202113,156.4675768,11.95263448,184.8700253,15071.97439,60.93101848,0,11.40122663,111.9696006,10.82724988,3.254979488,913.8281314,96.59164133
11/1/2039,159.9720658,175.1226953, 605.57 ,159.9720658,148.9703967,11.00166911,171.6000971,14850.34776,57.9625738,0,10.4941319,106.6659896,10.84161873,3.25214157,913.485631,96.61327545
12/1/2039,144.7919873,159.575569, 605.57 ,144.7919873,141.8343296,2.957657674,93.92204339,13678.50154,55.13924339,0,2.821212804,101.6151128,11.02888777,3.181235884,907.35686,97.07433274
1/1/2040,135.0418916,149.2587626, 605.57 ,135.0418916,135.0418916,0,63.18397667,13117.20437,52.45390919,0,0,96.80485338,11.11120165,3.151842148,904.7501753,97.26761406
2/1/2040,128.5764498,142.1234823, 605.57 ,128.5764498,128.5764498,0,59.77311042,12908.01487,49.89980346,0,0,92.22367882,11.11770351,3.152303944,904.6812516,97.26815605
3/1/2040,122.4221805,135.3311042, 605.57 ,122.4221805,122.4221805,0,56.56748873,12678.1214,47.47049145,0,0,87.86061277,11.12421447,3.152765268,904.6122927,97.26869539
4/1/2040,109.7883965,122.0822132, 605.57 ,109.7883965,109.7883965,0,50.92061476,11513.67322,38.37700526,0,0,83.70520799,11.68784867,3.180709947,899.2988703,97.27887991
5/1/2040,104.5582715,116.2733466, 605.57 ,104.5582715,104.5582715,0,48.22311485,11288.53992,36.52582593,0,0,79.74752066,11.69268109,3.181094259,899.2453953,97.27940782
6/1/2040,99.57862478,110.7423489, 605.57 ,99.57862478,99.57862478,0,45.68306987,11049.46446,34.76426291,0,0,75.97808603,11.69752017,3.181477855,899.1919148,97.27993267
7/1/2040,94.83739664,105.4758572, 605.57 ,94.83739664,94.83739664,0,43.28979019,10798.71268,33.08796206,0,0,72.38789515,11.70236582,3.181860725,899.1384299,97.28045443
8/1/2040,90.3231112,100.4611544, 605.57 ,90.3231112,90.3231112,0,41.03346976,10538.38583,31.49278162,0,0,68.96837283,11.70721793,3.182242859,899.0849418,97.2809731
9/1/2040,86.02484787,95.68613832, 605.57 ,86.02484787,86.02484787,0,38.90509632,10270.42142,29.9747817,0,0,65.71135662,11.7120764,3.182624249,899.0314519,97.28148866
10/1/2040,81.9322143,91.13929131, 605.57 ,81.9322143,81.9322143,0,36.89637253,9996.596343,28.53021449,0,0,62.60907682,11.71694111,3.183004883,898.9779614,97.28200108
11/1/2040,78.03532079,86.80965228, 605.57 ,78.03532079,78.03532079,0,34.99964654,9718.531561,27.15551482,0,0,59.65413745,11.72181197,3.183384754,898.9244714,97.28251037
12/1/2040,74.32475575,82.68678947, 605.57 ,74.32475575,74.32475575,0,33.20785061,9437.698117,25.84729126,0,0,56.83949821,11.72668886,3.18376385,898.8709832,97.28301649
1/1/2041,70.79156255,78.7607748, 605.57 ,70.79156255,70.79156255,0,31.51444681,9155.424032,24.60231756,0,0,54.15845723,11.73157168,3.184142163,898.8174981,97.28351944
2/1/2041,67.42721736,75.0221594, 605.57 ,67.42721736,67.42721736,0,29.91337872,8872.901825,23.41752466,0,0,51.60463473,11.73646033,3.184519684,898.7640173,97.28401921
3/1/2041,56.94065514,63.12778659, 605.57 ,56.94065514,56.94065514,0,24.47667751,7464.917517,22.28999294,0,0,40.83779364,11.28893602,3.180469164,901.990363,97.33115029
4/1/2041,48.65320645,53.74468968, 605.57 ,48.65320645,48.65320645,0,20.23395208,6364.926439,21.21694494,0,0,32.52774474,10.83404586,3.176433123,905.2653711,97.37930416
5/1/2041,46.31609389,51.16579901, 605.57 ,46.31609389,46.31609389,0,19.19489593,6159.325482,20.19573841,0,0,30.9700606,10.83774169,3.176884048,905.2158822,97.38018588
6/1/2041,44.09188823,48.71136804, 605.57 ,44.09188823,44.09188823,0,18.21249123,5955.185043,19.22385971,0,0,29.48750833,10.84145673,3.177334522,905.1662889,97.38106368
7/1/2041,41.97510435,46.37535617, 605.57 ,41.97510435,41.97510435,0,17.28333269,5753.11169,18.29891751,0,0,28.07643865,10.84519093,3.177784532,905.1165924,97.38193753
8/1/2041,39.96052502,44.1520176, 605.57 ,39.96052502,39.96052502,0,16.40425105,5553.634295,17.41863685,0,0,26.73338075,10.84894421,3.178234064,905.0667939,97.38280738
9/1/2041,36.21080191,39.93901708, 605.57 ,36.21080191,36.21080191,0,14.5851658,5073.839297,16.58085342,0,0,23.35816366,10.62614402,3.176596274,906.6523054,97.40742471
10/1/2041,21.07841548,23.58707405, 605.57 ,21.07841548,21.07841548,0,7.566674057,2940.665904,9.561183384,0,0,14.02589067,11.56256887,3.299446111,893.6426551,97.65700479
11/1/2041,20.05783496,22.44361417, 605.57 ,20.05783496,20.05783496,0,7.171935816,2836.163652,9.123583669,0,0,13.3200305,11.55230013,3.299676837,893.6989743,97.65907161
12/1/2041,17.70254757,19.77167967, 605.57 ,17.70254757,17.70254757,0,6.054204732,2519.362088,8.706012177,0,0,11.06566749,11.25150489,3.306435364,895.348694,97.71961378
1/1/2042,8.550067662,9.320388894, 605.57 ,8.550067662,8.550067662,0,1.279739129,1144.293413,8.307552248,0,0,1.012836645,7.239807827,3.396573634,917.350956,98.52706281
2/1/2042,7.314169142,7.927329179, 605.57 ,7.314169142,7.314169142,0,0.763347484,976.5740506,7.927329179,0,0,0,6.273193081,3.418292367,922.652381,98.72161692
3/1/2042,6.979411591,7.564508297, 605.57 ,6.979411591,6.979411591,0,0.726303507,944.8080674,7.564508297,0,0,0,6.273193081,3.418292367,922.652381,98.72161692
4/1/2042,6.659975346,7.218293133, 605.57 ,6.659975346,6.659975346,0,0.691154223,913.4323119,7.218293133,0,0,0,6.273193081,3.418292367,922.652381,98.72161692
5/1/2042,6.355159174,6.88792367, 605.57 ,6.355159174,6.355159174,0,0.657793598,882.512064,6.88792367,0,0,0,6.273193081,3.418292367,922.652381,98.72161692
6/1/2042,6.06429394,6.572674677, 605.57 ,6.06429394,6.06429394,0,0.62612239,852.1037213,6.572674677,0,0,0,6.273193081,3.418292367,922.652381,98.72161692
7/1/2042,5.786741132,6.271854115, 605.57 ,5.786741132,5.786741132,0,0.596047632,822.2555357,6.271854115,0,0,0,6.273193081,3.418292367,922.652381,98.72161692
8/1/2042,5.521891462,5.984801617, 605.57 ,5.521891462,5.521891462,0,0.567482165,793.0083127,5.984801617,0,0,0,6.273193081,3.418292367,922.652381,98.72161692
9/1/2042,5.269163527,5.710887042, 605.57 ,5.269163527,5.269163527,0,0.540344215,764.3960702,5.710887042,0,0,0,6.273193081,3.418292367,922.652381,98.72161692
